ID,FIRSTNAME,LASTNAME,USERNAME,PASSWORD,BIRTH_DATE,JOIN_DATE
1,Theseus,Nanoures,NanouresTheseus429,$2b$10$myWMjyceztjvnyGPdVppfuFjs7NJysEjFdTydvKYUI.KEmpPm.aoa,1930-07-02,2022-03-05
2,Eliana,Keskine,KeskineEliana139,$2b$10$myWMjyceztjvnyGPdVppfuFjs7NJysEjFdTydvKYUI.KEmpPm.aoa,2001-06-11,2011-05-19
3,Anaxagoras,Tsemperlides,TsemperlidesAnaxagoras651,$2b$10$myWMjyceztjvnyGPdVppfuFjs7NJysEjFdTydvKYUI.KEmpPm.aoa,1991-12-03,2021-04-28
4,Theresia,Uphante,UphanteTheresia850,$2b$10$myWMjyceztjvnyGPdVppfuFjs7NJysEjFdTydvKYUI.KEmpPm.aoa,1955-10-23,2011-11-13
5,Mikhales,Papoudes,PapoudesMikhales353,$2b$10$myWMjyceztjvnyGPdVppfuFjs7NJysEjFdTydvKYUI.KEmpPm.aoa,1989-08-06,2017-03-17
6,Leda,Spanokhristodoulou,SpanokhristodoulouLeda20,$2b$10$myWMjyceztjvnyGPdVppfuFjs7NJysEjFdTydvKYUI.KEmpPm.aoa,1975-12-23,2020-07-03
7,Aristomenes,Panouses,PanousesAristomenes527,$2b$10$myWMjyceztjvnyGPdVppfuFjs7NJysEjFdTydvKYUI.KEmpPm.aoa,1934-01-26,2019-06-10
8,Diamanto,Tsiplikoph,TsiplikophDiamanto840,$2b$10$myWMjyceztjvnyGPdVppfuFjs7NJysEjFdTydvKYUI.KEmpPm.aoa,1981-01-30,2017-10-21
9,Erodotos,Panos,PanosErodotos504,$2b$10$myWMjyceztjvnyGPdVppfuFjs7NJysEjFdTydvKYUI.KEmpPm.aoa,1959-09-02,2016-09-14
10,Agne,Antoniou,AntoniouAgne197,$2b$10$myWMjyceztjvnyGPdVppfuFjs7NJysEjFdTydvKYUI.KEmpPm.aoa,1990-03-01,2016-09-26
11,Marios,Gkioldeles,GkioldelesMarios603,$2b$10$myWMjyceztjvnyGPdVppfuFjs7NJysEjFdTydvKYUI.KEmpPm.aoa,1983-07-18,2021-09-12
12,Isidora,Martzoukou,MartzoukouIsidora374,$2b$10$myWMjyceztjvnyGPdVppfuFjs7NJysEjFdTydvKYUI.KEmpPm.aoa,2000-04-05,2018-05-20
13,Alexandros,Theologos,TheologosAlexandros155,$2b$10$myWMjyceztjvnyGPdVppfuFjs7NJysEjFdTydvKYUI.KEmpPm.aoa,1925-11-09,2013-03-12
14,Kallirroe,Kollia,KolliaKallirroe143,$2b$10$myWMjyceztjvnyGPdVppfuFjs7NJysEjFdTydvKYUI.KEmpPm.aoa,1977-05-14,2014-11-18
15,Akribos,Pateles,PatelesAkribos616,$2b$10$myWMjyceztjvnyGPdVppfuFjs7NJysEjFdTydvKYUI.KEmpPm.aoa,1986-02-17,2009-04-26
16,Pelagia,Arapidou,ArapidouPelagia296,$2b$10$myWMjyceztjvnyGPdVppfuFjs7NJysEjFdTydvKYUI.KEmpPm.aoa,1953-09-12,2022-09-21
17,Theophanes,Tseas,TseasTheophanes998,$2b$10$myWMjyceztjvnyGPdVppfuFjs7NJysEjFdTydvKYUI.KEmpPm.aoa,1927-05-16,2018-03-25
18,Iokaste,Zoe,ZoeIokaste946,$2b$10$myWMjyceztjvnyGPdVppfuFjs7NJysEjFdTydvKYUI.KEmpPm.aoa,1994-04-05,2011-01-24
19,Ioulianos,Biolatos,BiolatosIoulianos670,$2b$10$myWMjyceztjvnyGPdVppfuFjs7NJysEjFdTydvKYUI.KEmpPm.aoa,1929-10-05,2015-03-13
20,Petra,Sarre,SarrePetra794,$2b$10$myWMjyceztjvnyGPdVppfuFjs7NJysEjFdTydvKYUI.KEmpPm.aoa,1947-03-13,2017-04-23
21,Lusandros,Kaboures,KabouresLusandros178,$2b$10$myWMjyceztjvnyGPdVppfuFjs7NJysEjFdTydvKYUI.KEmpPm.aoa,1954-03-11,2018-01-02
22,Melina,Petridou,PetridouMelina219,$2b$10$myWMjyceztjvnyGPdVppfuFjs7NJysEjFdTydvKYUI.KEmpPm.aoa,1940-11-03,2015-02-11
23,Theodoulos,Stauropoulos,StauropoulosTheodoulos407,$2b$10$myWMjyceztjvnyGPdVppfuFjs7NJysEjFdTydvKYUI.KEmpPm.aoa,1941-03-19,2022-10-18
24,Khristophora,Mpika,MpikaKhristophora322,$2b$10$myWMjyceztjvnyGPdVppfuFjs7NJysEjFdTydvKYUI.KEmpPm.aoa,1992-02-29,2017-01-16
25,Ieremias,Digkas,DigkasIeremias857,$2b$10$myWMjyceztjvnyGPdVppfuFjs7NJysEjFdTydvKYUI.KEmpPm.aoa,1949-02-24,2021-01-31
26,Theopiste,Nikolopoulou,NikolopoulouTheopiste936,$2b$10$myWMjyceztjvnyGPdVppfuFjs7NJysEjFdTydvKYUI.KEmpPm.aoa,1972-01-15,2020-02-23
27,Eumenios,Euaggelatos,EuaggelatosEumenios898,$2b$10$myWMjyceztjvnyGPdVppfuFjs7NJysEjFdTydvKYUI.KEmpPm.aoa,1942-05-16,2017-03-10
28,Zakharoula,Euaggelide,EuaggelideZakharoula65,$2b$10$myWMjyceztjvnyGPdVppfuFjs7NJysEjFdTydvKYUI.KEmpPm.aoa,1979-06-07,2011-05-29
29,Paris,Biolatos,BiolatosParis204,$2b$10$myWMjyceztjvnyGPdVppfuFjs7NJysEjFdTydvKYUI.KEmpPm.aoa,1978-12-11,2016-10-21
30,Louloudenia,Papanikolaou,PapanikolaouLouloudenia910,$2b$10$myWMjyceztjvnyGPdVppfuFjs7NJysEjFdTydvKYUI.KEmpPm.aoa,1973-01-30,2008-11-10
31,Eustratios,Gribas,GribasEustratios353,$2b$10$myWMjyceztjvnyGPdVppfuFjs7NJysEjFdTydvKYUI.KEmpPm.aoa,1979-10-03,2010-06-28
32,Marigo,Demetriou,DemetriouMarigo770,$2b$10$myWMjyceztjvnyGPdVppfuFjs7NJysEjFdTydvKYUI.KEmpPm.aoa,1976-05-11,2013-12-23
33,Nathanael,Piagkos,PiagkosNathanael349,$2b$10$myWMjyceztjvnyGPdVppfuFjs7NJysEjFdTydvKYUI.KEmpPm.aoa,1960-02-03,2020-04-03
34,Theologia,Kokkinou,KokkinouTheologia22,$2b$10$myWMjyceztjvnyGPdVppfuFjs7NJysEjFdTydvKYUI.KEmpPm.aoa,1964-02-27,2008-02-26
